1,휴애리 핑크뮬리축제,휴애리 자연생활공원,"2024-09-13,2024-11-17",https://api.cdn.visitjeju.net/photomng/imgpath/202408/20/302e002e-89f3-4b9a-91d1-41c5b4932639.jpg,https://www.visitjeju.net/kr/detail/view?contentsid=CNTS_200000000009099&menuId=DOM_000001718007000000#p1
2,마노르블랑 핑크뮬리축제,마노르블랑,"2024-09-15,2024-11-30",https://api.cdn.visitjeju.net/photomng/imgpath/202309/08/b6027c48-c83f-4548-a08d-a6184d149b64.jpg,https://www.visitjeju.net/kr/detail/view?contentsid=CNTS_200000000008995&menuId=DOM_000001718007000000#p1
3,새연교 음악분수,서귀포시,"2024-05-01,2024-10-25",https://api.cdn.visitjeju.net/photomng/imgpath/202405/03/e51e8d64-28f3-4b40-b857-0124872a5ca8.jpg,https://www.visitjeju.net/kr/detail/view?contentsid=CNTS_300000000013006&menuId=DOM_000001718007000000#p1
4,2024 신산 도채비 빛 축제,제주특별자치도,"2024-10-03,2024-10-09",https://api.cdn.visitjeju.net/photomng/imgpath/202409/12/ec508a4c-3a68-4bb7-9a4c-82074ba4a7b8.png,https://www.visitjeju.net/kr/detail/view?contentsid=CNTS_200000000012077&menuId=DOM_000001718007000000#p1
5,2024 제주 생태관광주간 '제주의 바람이 너에게 닿기를',제주특별자치도 생태관광지원센터,"2024-10-03,2024-10-09",https://api.cdn.visitjeju.net/photomng/imgpath/202407/31/dd09be68-f497-4239-9db2-ee85cc11cfe2.jpg,https://www.visitjeju.net/kr/detail/view?contentsid=CNTS_300000000013119&menuId=DOM_000001718007000000#p1
6,2024 세계유산축전 - 제주 화산섬과 용암동굴,"국가유산청, 제주특별자치도","2024-10-11,2024-10-22",https://api.cdn.visitjeju.net/photomng/imgpath/202408/28/5f46c9d6-0b49-42ba-bf2b-0e84018153e4.png,https://www.visitjeju.net/kr/detail/view?contentsid=CNTS_200000000010593&menuId=DOM_000001718007000000#p1
7,"신석기시대 첫 사람, 제주 선샤인","국가유산청, 제주특별자치도 세계유산본부, 재단법인 제주고고학연구소","2024-03-01,2024-11-30",https://api.cdn.visitjeju.net/photomng/imgpath/202405/30/5e146b0e-79c7-4f10-a1ac-8eb7d8f94552.png,https://www.visitjeju.net/kr/detail/view?contentsid=CNTS_300000000013031&menuId=DOM_000001718007000000#p1
8,2024 제주올레걷기축제,제주특별자치도,"2024-11-07,2024-11-09",https://api.cdn.visitjeju.net/photomng/imgpath/202408/22/fa99dab6-05ad-4b01-99bc-9b1785e35947.jpg,https://www.visitjeju.net/kr/detail/view?contentsid=CNTS_000000000022149&menuId=DOM_000001718007000000#p1
9,제주목관아 야간개장,제주특별자치도 세계유산본부,"2024-05-01,2024-10-31",https://api.cdn.visitjeju.net/photomng/imgpath/202404/23/8c5c7b0c-08da-41f9-b2ac-2874d95c14a1.jpg,https://www.visitjeju.net/kr/detail/view?contentsid=CNTS_200000000015487&menuId=DOM_000001718007000000#p1
10,2024 제주칠머리당영등굿전수관 상설공연,유네스코 인류무형문화유산,"2024-05-01,2024-10-30",https://api.cdn.visitjeju.net/photomng/imgpath/202405/22/08cc11f2-6fbb-4af8-ba0b-018938ef636a.JPG,https://www.visitjeju.net/kr/detail/view?contentsid=CNTS_300000000013022&menuId=DOM_000001718007000000#p1
11,성안올레,관광진흥과,"2024-01-01,2024-12-31",https://www.jejusi.go.kr/storage/files/event/20240605/1717561844013_2fb8c125fee04863b0f2ae147eeecd3d.jpg,https://www.jejusi.go.kr/field/culture/festival/list.do?mode=detail&festival_id=728&currentPageNo=1
12,제16회 범도민 안전체험 한마당,제주특별자치도,"2024-09-27,2024-09-28",https://api.cdn.visitjeju.net/photomng/imgpath/202409/04/5f2f458b-dac2-4318-8ab6-184b9109882b.jpg,https://www.visitjeju.net/kr/detail/view?contentsid=CNTS_300000000013178&menuId=DOM_000001718007000000#p1
13,新 탐라 문화가 있는 날,제주특별자치도,"2024-09-25,2024-09-29",https://api.cdn.visitjeju.net/photomng/imgpath/202409/10/eddbbe58-b17d-4835-8e51-d28a323625eb.png,https://www.visitjeju.net/kr/detail/view?contentsid=CNTS_300000000013065&menuId=DOM_000001718007000000#p1
14,제3회 조천리용천수 문화곳간 축제,조천리 새마을회,"2024-09-28,2024-09-29",https://api.cdn.visitjeju.net/photomng/imgpath/202409/05/4b9a3216-a8a8-4285-a6a3-e47dd5c53827.jpg,https://www.visitjeju.net/kr/detail/view?contentsid=CNTS_300000000013181&menuId=DOM_000001718007000000#p1
15,민속자연사박물관 40주년 <박물관 가족 대축전>,제주특별자치도 민속자연사박물관,"2024-09-28,2024-09-29",https://api.cdn.visitjeju.net/photomng/imgpath/202409/06/ef322a8c-0bbc-4f62-8923-7afd462fe76b.png,https://www.visitjeju.net/kr/detail/view?contentsid=CNTS_300000000013183&menuId=DOM_000001718007000000#p1
16,2024 문화가 있는 날 실버마이크,"문화체육관광부, 지역문화진흥원","2024-09-28,2024-09-29",https://api.cdn.visitjeju.net/photomng/imgpath/202409/10/2bde339c-a391-474f-9f04-2f444945d4e1.jpg,https://www.visitjeju.net/kr/detail/view?contentsid=CNTS_300000000013135&menuId=DOM_000001718007000000#p1
17,"제3회 화북, 포구문화제",화북동축제추진위원회,"2024-09-28,2024-09-29",https://api.cdn.visitjeju.net/photomng/imgpath/202409/06/5d532a56-2c76-4e09-8583-a94551de6128.jpg,https://www.visitjeju.net/kr/detail/view?contentsid=CNTS_300000000013182&menuId=DOM_000001718007000000#p1
18,"2024 차 없는 거리 걷기 <걷는 즐거움, 숨 쉬는 제주!>",제주특별자치도,"2024-09-28,2024-09-28",https://api.cdn.visitjeju.net/photomng/imgpath/202409/05/ccc9f3bf-2e8c-4884-8055-b6e24087f23b.jpg,https://www.visitjeju.net/kr/detail/view?contentsid=CNTS_300000000013180&menuId=DOM_000001718007000000#p1
19,2024 제주청년의날,제주특별자치도,"2024-09-21,2024-09-25",https://api.cdn.visitjeju.net/photomng/imgpath/202409/03/33884e2d-4282-44a3-b589-de83022be8f5.png,https://www.visitjeju.net/kr/detail/view?contentsid=CNTS_300000000013177&menuId=DOM_000001718007000000#p1
20,제14회 산지천축제,산지천축제위원회,"2024-09-27,2024-09-29",https://api.cdn.visitjeju.net/photomng/imgpath/202409/09/3dcff7b0-0744-4df0-a6c1-1518bc31c371.jpg,https://www.visitjeju.net/kr/detail/view?contentsid=CNTS_000000000022285&menuId=DOM_000001718007000000#p1